fc,p.val,auc,auc.ci.l,auc.ci.h,pr.shift,pr.n,pr.p,bcol,p.adj,comparison,species
0.717325241729241,0.00189900684349907,0.606486101211689,0.537218721743925,0.675753480679454,0.0264433357091946,0.434426229508197,0.460869565217391,#A5002685,0.0189378583080831,t0_t2,Acutalibacter sp000435395__1345
0.590675838028452,0.00267459003013954,0.609586600142552,0.538047638976448,0.681125561308655,0.0431218816821098,0.565573770491803,0.608695652173913,#A5002685,0.0256197571308103,t0_t2,Agathobacter faecis__2141
0.664095063970857,0.000148776079714123,0.638952245188881,0.567304478998373,0.710600011379389,0.0369208838203848,0.60655737704918,0.643478260869565,#A5002685,0.0019340890362836,t0_t2,Agathobacter rectale__2145
0.827444998886471,3.21088273258338e-08,0.705880256593015,0.636019484337969,0.77574102884806,0.0347113328581611,0.713114754098361,0.747826086956522,#A5002685,7.30475821662718e-07,t0_t2,Agathobacter sp000434275__2143
0.929784297384162,1.03015212155535e-10,0.742124019957234,0.675767526188135,0.808480513726334,0.0392017106200998,0.786885245901639,0.826086956521739,#A5002685,3.54706433205814e-09,t0_t2,Agathobacter sp900317585__2146
0.35290203282999,0.000470590792018261,0.629330007127584,0.557476190720238,0.701183823534929,0.0317177476835353,0.663934426229508,0.695652173913044,#A5002685,0.00545029699119332,t0_t2,Agathobaculum butyriciproducens__1714
-1.67683910643709,2.71867689997686e-10,0.265645046329294,0.195344710721065,0.335945381937524,-0.000570206699928688,0.704918032786885,0.704347826086957,#31369585,9.11472202781715e-09,t0_t2,An172 sp002160515__1285
-0.745817406590244,3.25665537722115e-10,0.263649322879544,0.19826718951949,0.329031456239597,0.0215965787598004,0.926229508196721,0.947826086956522,#31369585,1.06384075655891e-08,t0_t2,Angelakisella sp003453215__1545
1.88618285928865,1.41382302483211e-16,0.809087669280114,0.743601776920178,0.87457356164005,0.0459016393442624,0.754098360655738,0.8,#A5002685,1.63746412148737e-14,t0_t2,Bifidobacterium boum__8866
1.75209908544913,9.07089539827738e-17,0.811332858161083,0.747930310707358,0.874735405614809,0.0550962223806131,0.762295081967213,0.817391304347826,#A5002685,1.15563207374054e-14,t0_t2,Bifidobacterium thermacidophilum__8868
0.970423210354451,5.92782331668223e-10,0.73264433357092,0.666908889859703,0.798379777282136,0.0349964362081255,0.860655737704918,0.895652173913044,#A5002685,1.88801172636329e-08,t0_t2,Blautia_A massiliensis__2178
0.765652187298037,2.18916541784838e-06,0.675338560228083,0.604597039200812,0.746080081255354,0.032216678545973,0.672131147540984,0.704347826086957,#A5002685,3.71866232311845e-05,t0_t2,Blautia_A obeum__2183
0.780195799566451,5.67147024284971e-09,0.717640769779045,0.649311732107749,0.785969807450341,0.0367070563079116,0.745901639344262,0.782608695652174,#A5002685,1.41675550772363e-07,t0_t2,Blautia_A sp000285855__2187
0.543347520629717,8.39007132243574e-05,0.644333570919458,0.572801566032046,0.71586557580687,0.0374198146828225,0.614754098360656,0.652173913043478,#A5002685,0.00116184248530251,t0_t2,Blautia_A sp900066205__2177
1.50538629361834,7.309140795517e-29,0.919173200285103,0.883348395360701,0.954998005209506,0.0481824661439771,0.934426229508197,0.982608695652174,#A5002685,9.31184537348866e-26,t0_t2,Blautia_A wexlerae__2186
1.00433980342796,2.43415109140261e-07,0.689451176051319,0.617804190203355,0.761098161899282,0.0292230933713471,0.622950819672131,0.652173913043478,#A5002685,4.77093613914911e-06,t0_t2,Butyricicoccus_A porcorum__1718
1.47350575115552,6.85421092816202e-12,0.755666429080542,0.687181375310551,0.824151482850532,0.0352102637205987,0.721311475409836,0.756521739130435,#A5002685,3.11866597231372e-10,t0_t2,Butyricicoccus_A sp002395695__1719
1.53655670472875,4.22110800344466e-11,0.747006414825374,0.679986848428454,0.814025981222294,0.0387027797576622,0.778688524590164,0.817391304347826,#A5002685,1.62960351405712e-09,t0_t2,CAG-1000 sp000434555__5653
1.52851189650184,9.1694903739231e-10,0.726870990734141,0.657068544936811,0.796673436531471,0.040912330719886,0.672131147540984,0.71304347826087,#A5002685,2.65498425826773e-08,t0_t2,CAG-1000 sp000436975__5654
0.630750414114479,0.00189860015951609,0.616429080541697,0.544312902166355,0.688545258917038,0.00591589451176056,0.811475409836066,0.817391304347826,#A5002685,0.0189378583080831,t0_t2,CAG-1024 sp000432015__1810
-0.811496527600842,0.000221265950558624,0.364575908766928,0.29214032553308,0.437011492000776,0.020527441197434,0.622950819672131,0.643478260869565,#31369585,0.00273682350496783,t0_t2,CAG-103 sp000432375__1692
1.43136588981936,4.16024280054576e-09,0.719565217391304,0.650243941803578,0.788886492979031,0.0367070563079116,0.745901639344262,0.782608695652174,#A5002685,1.0816631281419e-07,t0_t2,CAG-110 sp002362145__1650
1.77106350504727,1.39732023266001e-21,0.858731290092659,0.807559781988559,0.909902798196758,0.0461867426942266,0.901639344262295,0.947826086956522,#A5002685,3.56037195281772e-19,t0_t2,CAG-110 sp002437585__1651
0.878626142208076,0.00282756640647229,0.602851033499644,0.533664525619719,0.672037541379568,0.0269422665716322,0.442622950819672,0.469565217391304,#A5002685,0.0264876441312184,t0_t2,CAG-110 sp002493965__1648
0.921721067353141,0.0028217735644345,0.603100498930862,0.533249310262836,0.672951687598889,0.0269422665716322,0.442622950819672,0.469565217391304,#A5002685,0.0264876441312184,t0_t2,CAG-1193 sp000436255__5619
0.885617929535021,1.65008035004603e-17,0.820206699928724,0.764746652425946,0.875666747431503,0.0476835352815396,0.926229508196721,0.973913043478261,#A5002685,2.6277529574483e-15,t0_t2,CAG-145 sp002320005__2676
0.592685042075679,0.000157262112491889,0.636350677120456,0.564584315694352,0.708117038546561,0.0252316464718461,0.557377049180328,0.582608695652174,#A5002685,0.00202375688196633,t0_t2,CAG-170 sp002298695__1663
0.613272319612143,2.14555361125019e-07,0.695010691375624,0.627198063048448,0.762823319702799,0.0471846044191019,0.918032786885246,0.965217391304348,#A5002685,4.33878619163928e-06,t0_t2,CAG-170 sp002404795__1659
0.967580221071806,5.02297602815473e-12,0.759194583036351,0.694035504773817,0.824353661298885,0.0416963649322879,0.827868852459016,0.869565217391304,#A5002685,2.37010054069227e-10,t0_t2,CAG-170 sp003516765__1662
-0.404502583968413,4.54974579556453e-05,0.346685673556664,0.276279881228226,0.417091465885103,0.0124019957234497,0.918032786885246,0.930434782608696,#31369585,0.000673997225994094,t0_t2,CAG-177 sp003514385__1368
1.19423724256691,5.26366831754032e-05,0.648645759087669,0.576876331304327,0.720415186871012,0.0297220242337847,0.631147540983607,0.660869565217391,#A5002685,0.000745101492949596,t0_t2,CAG-180 sp002490525__1397
0.810037483045126,4.5296289340494e-06,0.670206699928724,0.598949761669259,0.741463638188189,0.0414112615823237,0.680327868852459,0.721739130434783,#A5002685,7.30474336959358e-05,t0_t2,CAG-269 sp000431335__1926
0.499150787324933,0.000482943870149432,0.62808267997149,0.556491460505274,0.699673899437706,0.0374198146828225,0.614754098360656,0.652173913043478,#A5002685,0.00554297739252592,t0_t2,CAG-269 sp001916055__1930
0.591603679525697,1.95460113330853e-05,0.657804704205274,0.587095283983642,0.728514124426907,0.048111190306486,0.647540983606557,0.695652173913044,#A5002685,0.000307427388127786,t0_t2,CAG-269 sp001916065__1921
0.50906313215901,0.00011216827789755,0.642444761225945,0.571173218567031,0.713716303884858,0.0307198859586599,0.647540983606557,0.678260869565217,#A5002685,0.00152023814937744,t0_t2,CAG-269 sp003525075__1928
1.07673688461301,8.18882230202735e-08,0.701568068424804,0.634346878252643,0.768789258596965,0.0277975766215253,0.885245901639344,0.91304347826087,#A5002685,1.74981298483158e-06,t0_t2,CAG-302 sp001916775__5624
0.824066489472391,0.00190270475936785,0.610620099786173,0.540027982664693,0.681212216907652,0.0314326443335708,0.516393442622951,0.547826086956522,#A5002685,0.0189378583080831,t0_t2,CAG-390 sp003523225__1732
1.75541647468134,1.17455202055739e-22,0.868210976478974,0.816353111912524,0.920068841045424,0.0369921596578759,0.89344262295082,0.930434782608696,#A5002685,3.74094818547527e-20,t0_t2,CAG-45 sp002299665__2159
1.15583717683798,4.31438138602304e-07,0.686101211689237,0.614720927495614,0.757481495882861,0.0302209550962224,0.639344262295082,0.669565217391304,#A5002685,8.08312042028434e-06,t0_t2,CAG-460 sp000437315__5640
1.28010245332269,4.06139187205216e-08,0.703706343549537,0.632991729286282,0.774420957812791,0.0496079828937991,0.672131147540984,0.721739130434783,#A5002685,9.0775670964815e-07,t0_t2,CAG-533 sp000434495__5647
0.837166532106914,3.44798565694077e-05,0.650819672131148,0.579223225688616,0.722416118573679,0.035424091233072,0.581967213114754,0.617391304347826,#A5002685,0.000522944491302683,t0_t2,CAG-533 sp002438065__5649
1.12477377915173,2.00162015658644e-08,0.708945117605132,0.638697423115491,0.779192812094773,0.0347113328581611,0.713114754098361,0.747826086956522,#A5002685,4.63648014452933e-07,t0_t2,CAG-594 sp000434835__5618
0.492971075376373,0.00331750290838878,0.605096222380613,0.53440619597825,0.675786248782976,0.0483250178189594,0.508196721311475,0.556521739130435,#A5002685,0.0305871250667019,t0_t2,CAG-605 sp000433255__5644
0.772273251648047,0.000123746982043356,0.641339985744833,0.570127978595028,0.712551992894637,0.0302209550962224,0.639344262295082,0.669565217391304,#A5002685,0.00164222557420037,t0_t2,CAG-710 sp000432595__5613
0.656346197007922,2.43124714386009e-05,0.656307911617961,0.585134632998709,0.727481190237214,0.032216678545973,0.672131147540984,0.704347826086957,#A5002685,0.000373181790515392,t0_t2,CAG-791 sp000431495__2088
0.486826416052326,0.000563258857701429,0.627369921596579,0.555612573221638,0.69912726997152,0.0312188168210977,0.655737704918033,0.686956521739131,#A5002685,0.00640706950635375,t0_t2,CAG-83 sp000431575__1625
-0.945393012146703,2.02827026576433e-26,0.100071275837491,0.0593580821615751,0.140784469513407,0,1,1,#31369585,8.6133877286125e-24,t0_t2,CAG-83 sp003487665__1630
1.13772203200496,4.65782904612561e-08,0.703029223093371,0.632774093481095,0.773284352705648,0.0419101924447612,0.688524590163934,0.730434782608696,#A5002685,1.02311624220069e-06,t0_t2,CAG-83 sp900313295__1627
1.50802175287831,4.72283113087624e-13,0.770990734141126,0.706515871030497,0.835465597251756,0.0392017106200998,0.786885245901639,0.826086956521739,#A5002685,2.50703619197347e-11,t0_t2,CAG-877 sp000433455__5608
0.768867723106653,0.00532101645217886,0.602102637205987,0.530254924036863,0.673950350375111,0.0369208838203848,0.60655737704918,0.643478260869565,#A5002685,0.0470762150005268,t0_t2,CAG-914 sp000437895__5626
0.829783052028325,0.000373481280252781,0.627512473271561,0.556256262447564,0.698768684095558,0.0406272273699215,0.524590163934426,0.565217391304348,#A5002685,0.00448066353463885,t0_t2,Campylobacter sp002139915__23089
1.03668109286906,6.37720210443166e-10,0.732287954383464,0.66618611844923,0.798389790317698,0.0359942979330007,0.877049180327869,0.91304347826087,#A5002685,1.98159889781608e-08,t0_t2,Catenibacterium mitsuokai__5583
1.65169796616769,6.69725230282017e-13,0.769208838203849,0.704301816233909,0.834115860173788,0.0473984319315752,0.778688524590164,0.826086956521739,#A5002685,3.41291977351716e-11,t0_t2,Chlamydia suis__11722
0.731345177072344,1.56771156881524e-08,0.710513186029936,0.641566763107677,0.779459608952195,0.0347113328581611,0.713114754098361,0.747826086956522,#A5002685,3.76842365786909e-07,t0_t2,Coprococcus_A catus__2377
-0.454216646622141,0.00248311402632618,0.391126158232359,0.319657796716646,0.462594519748072,0.0247327156094084,0.549180327868853,0.573913043478261,#31369585,0.0239658126480269,t0_t2,Corynebacterium xerosis__7061
0.684627590637141,0.000376319464840155,0.62744119743407,0.556768785368542,0.698113609499598,0.0406272273699215,0.524590163934426,0.565217391304348,#A5002685,0.00448066353463885,t0_t2,Dialister succinatiphilus__3670
1.02385844967259,5.15243526299109e-09,0.719529579472559,0.653022428378886,0.786036730566232,0.0354953670705631,0.868852459016394,0.904347826086956,#A5002685,1.31284050501013e-07,t0_t2,Dorea formicigenerans__2276
0.895069080264378,3.81654783489428e-05,0.654668567355666,0.583102710746191,0.726234423965142,0.0339985744832502,0.844262295081967,0.878260869565217,#A5002685,0.000572033169606508,t0_t2,Dorea longicatena__2274
0.557013056992773,0.00173670135187096,0.617462580185317,0.544552718034653,0.690372442335982,0.0401995723449751,0.80327868852459,0.843478260869565,#A5002685,0.0178205388415736,t0_t2,ER4 sp900317525__1638
-1.04651441255882,2.86748011642277e-16,0.192658588738418,0.133481391792132,0.251835785684703,0.0104062722736993,0.885245901639344,0.895652173913044,#31369585,2.81013051409432e-14,t0_t2,Escherichia flexneri__16728
1.15715132413854,1.20142420888679e-08,0.71240199572345,0.642488503832353,0.782315487614547,0.0434069850320741,0.713114754098361,0.756521739130435,#A5002685,2.94348931177265e-07,t0_t2,Eubacterium_E hallii_A__2369
0.455530319411651,0.000200287508406752,0.637526728439059,0.565979155094912,0.709074301783207,0.0317177476835353,0.663934426229508,0.695652173913044,#A5002685,0.0025016302520608,t0_t2,F23-B02 sp000431075__1687
-0.873087426428906,0.000597347997524439,0.377334283677833,0.306169250193422,0.448499317162245,-0.0018531717747684,0.540983606557377,0.539130434782609,#31369585,0.00673470220217819,t0_t2,F23-B02 sp001916715__1685
0.673647231782358,0.00240853407006702,0.607234497505346,0.536822105858619,0.677646889152073,0.0217391304347826,0.5,0.521739130434783,#A5002685,0.0236036338866568,t0_t2,F23-B02 sp002314685__1689
1.58462487616251,8.5554049030832e-16,0.802352102637206,0.743702244014604,0.861001961259808,0.0441910192444761,0.868852459016394,0.91304347826087,#A5002685,7.266390564352e-14,t0_t2,F23-B02 sp002472405__1686
1.37304119689252,4.15756064853512e-17,0.815787598004277,0.756642460025715,0.874932735982838,0.0426942266571632,0.844262295081967,0.886956521739131,#A5002685,5.88525807359305e-15,t0_t2,Faecalibacterium prausnitzii_D__1561
1.18537785668737,3.01885772262445e-15,0.79607982893799,0.734389670940378,0.857769986935602,0.0411974340698503,0.819672131147541,0.860869565217391,#A5002685,2.40376546163972e-13,t0_t2,Faecalibacterium prausnitzii_E__1566
0.875665764562714,6.57520755200686e-10,0.729722024233785,0.660221363157847,0.799222685309723,0.0342124019957234,0.704918032786885,0.739130434782609,#A5002685,1.99447962410875e-08,t0_t2,Faecalibacterium sp003449675__1560
0.770978364643314,4.75070065423702e-05,0.65,0.578509869943981,0.72149013005602,0.0307198859586599,0.647540983606557,0.678260869565217,#A5002685,0.000687771890170224,t0_t2,Faecalicatena faecis__2253
0.460171779373351,0.000607222264530925,0.627405559515324,0.555414062451459,0.69939705657919,0.0337134711332858,0.69672131147541,0.730434782608696,#A5002685,0.00678597513168771,t0_t2,Firm-10 sp001603025__1789
1.08246919970226,1.54662254528476e-13,0.77615823235923,0.710209983679088,0.842106481039373,0.0459016393442624,0.754098360655738,0.8,#A5002685,8.95635055769446e-12,t0_t2,Fusicatenibacter saccharivorans__2215
1.15168676482438,4.09186146179592e-14,0.783856022808268,0.721309274160785,0.846402771455751,0.0426942266571632,0.844262295081967,0.886956521739131,#A5002685,2.49709663750595e-12,t0_t2,Gemmiger formicilis__1571
1.23943636174015,5.33745445883959e-15,0.793941553813257,0.73600367731413,0.851879430312384,0.0461867426942266,0.901639344262295,0.947826086956522,#A5002685,3.77773165586757e-13,t0_t2,Gemmiger sp003476825__1573
-1.4276366471668,3.62458496942191e-11,0.252672843905916,0.183088254806195,0.322257433005637,0.0116179615110478,0.762295081967213,0.773913043478261,#31369585,1.48958750033662e-09,t0_t2,Gemmiger variabile__1572
1.01165051630458,1.96184744669699e-09,0.725231646471846,0.657784251700053,0.792679041243639,0.0330007127583749,0.827868852459016,0.860869565217391,#A5002685,5.43346445019993e-08,t0_t2,Holdemanella biformis__5548
0.52306359030185,1.5033569254561e-07,0.697505345687812,0.630830743553085,0.764179947822539,0.0404846756949395,0.950819672131147,0.991304347826087,#A5002685,3.13979790660831e-06,t0_t2,Holdemanella sp002299315__5549
-0.553180145734663,0.00197736943517144,0.384746970776907,0.312681783206893,0.456812158346921,0.0178189593727726,0.721311475409836,0.739130434782609,#31369585,0.0195284392279722,t0_t2,Intestinimonas butyriciproducens__1605
1.06621714741572,3.006353463277e-09,0.719030648610121,0.64813617111848,0.789925126101762,0.039415538132573,0.647540983606557,0.686956521739131,#A5002685,8.14913683449979e-08,t0_t2,KLE1615 sp900066985__2558
0.503810853631522,0.00365047581042884,0.603563791874555,0.532662421262029,0.67446516248708,0.0145402708481824,0.524590163934426,0.539130434782609,#A5002685,0.0332193298749024,t0_t2,Lachnospira sp900316325__2446
1.33895153373241,1.94998672594218e-27,0.908054169636493,0.87072264631851,0.945385692954477,0.0327868852459017,0.967213114754098,1,#A5002685,1.24214154442517e-24,t0_t2,Lactobacillus amylovorus__4345
0.643796927993347,0.00333721380241096,0.60751960085531,0.535638395730291,0.679400805980329,0.0610121168923735,0.573770491803279,0.634782608695652,#A5002685,0.0305871250667019,t0_t2,Lactobacillus crispatus__4342
0.626902418790386,0.000254048289631072,0.63656450463293,0.565276228739271,0.707852780526588,0.0362081254454739,0.737704918032787,0.773913043478261,#A5002685,0.00308245258085701,t0_t2,Lactobacillus delbrueckii_A__4367
0.546911097770668,0.000691195485478088,0.627227369921597,0.555563670294969,0.698891069548224,0.031503920171062,0.80327868852459,0.834782608695652,#A5002685,0.00752635084187251,t0_t2,Lactobacillus johnsonii__4373
0.700895355241545,7.86827374663764e-07,0.685531004989309,0.617600082817174,0.753461927161443,0.043193157519601,0.852459016393443,0.895652173913044,#A5002685,1.43202582188805e-05,t0_t2,Lactobacillus_H mucosae__4233
-0.594943347769287,2.15223767680307e-06,0.321810406272274,0.252689006128944,0.390931806415603,0.00570206699928733,0.950819672131147,0.956521739130435,#31369585,3.71585329698642e-05,t0_t2,Lactobacillus_H reuteri__4220
0.785830794978006,9.31235237209855e-05,0.643656450463293,0.571522709597121,0.715790191329465,0.0297220242337847,0.631147540983607,0.660869565217391,#A5002685,0.0012756921421563,t0_t2,Lactobacillus_H sp002299975__4219
-1.66553388903974,1.20565363884801e-09,0.275338560228083,0.204525623499618,0.346151496956547,-0.0107626514611546,0.680327868852459,0.669565217391304,#31369585,3.41333941309414e-08,t0_t2,Lactobacillus_H vaginalis__4223
-0.480699735533032,0.00370322989349882,0.394297933000713,0.321760705996861,0.466835160004564,0.0272273699215966,0.59016393442623,0.617391304347826,#31369585,0.0334603892504787,t0_t2,Lawsonibacter sp000177015__1615
1.49558161589675,1.49530395486619e-19,0.839771917320029,0.782150920321913,0.897392914318144,0.043193157519601,0.852459016393443,0.895652173913044,#A5002685,3.17502873083255e-17,t0_t2,Marvinbryantia sp900066075__2239
1.13216851012541,4.002183342766e-11,0.747968638631504,0.683065913929865,0.812871363333143,0.0421952957947256,0.836065573770492,0.878260869565217,#A5002685,1.59336924333871e-09,t0_t2,Megasphaera elsdenii__3655
1.21174220028776,8.40472284267749e-07,0.682394868139701,0.611261986331966,0.753527749947435,0.032216678545973,0.672131147540984,0.704347826086957,#A5002685,1.50811505655931e-05,t0_t2,Methanobrevibacter_A gottschalkii__748
-0.574049289856284,4.11609335852629e-14,0.215823235923022,0.156587819941889,0.275058651904155,0,1,1,#31369585,2.49709663750595e-12,t0_t2,Methanobrevibacter_A smithii__758
0.67252728541255,2.01860099226905e-05,0.6571988595866,0.585845937095738,0.728551782077463,0.0307198859586599,0.647540983606557,0.678260869565217,#A5002685,0.00031362166635985,t0_t2,Mitsuokella jalaludinii__3542
1.03308430435333,1.29863377687208e-11,0.7535994297933,0.68760042511523,0.819598434471371,0.0392017106200998,0.786885245901639,0.826086956521739,#A5002685,5.70503252322425e-10,t0_t2,Olsenella_E sp002440065__9452
-0.323367476024456,7.05661182107011e-05,0.350534568781183,0.280332434259774,0.420736703302593,0,1,1,#31369585,0.000987925654949815,t0_t2,Phil1 sp001940855__1796
0.788730193338545,1.74062188584458e-06,0.679543834640057,0.609550073656468,0.749537595623646,0.0421952957947256,0.836065573770492,0.878260869565217,#A5002685,3.07993372578611e-05,t0_t2,Prevotella copri__12261
0.793848264061001,7.20757505774806e-07,0.686172487526728,0.615457373210895,0.756887601842562,0.043193157519601,0.852459016393443,0.895652173913044,#A5002685,1.33078994544508e-05,t0_t2,Prevotella copri_A__12262
0.603793328835757,2.15834492917578e-06,0.67712045616536,0.606992902331661,0.747248009999059,0.0372059871703493,0.754098360655738,0.791304347826087,#A5002685,3.71585329698642e-05,t0_t2,Prevotella sp000434515__12267
-0.862445335074324,8.4223395279881e-11,0.25623663578047,0.188878053697821,0.32359521786312,0.0334996436208125,0.836065573770492,0.869565217391304,#31369585,2.98057237740468e-09,t0_t2,Prevotella sp000434975__12307
0.859447446574862,2.82152642187576e-07,0.693014967925873,0.624447451965591,0.761582483886155,0.0446899501069138,0.877049180327869,0.921739130434783,#A5002685,5.44640100222685e-06,t0_t2,Prevotella sp000436915__12288
0.809828529476842,0.000798881577601559,0.623271560940841,0.551041742118055,0.695501379763627,0.0297220242337847,0.631147540983607,0.660869565217391,#A5002685,0.00855273218373434,t0_t2,Prevotella sp002251245__12396
0.740357819795462,2.57503513024228e-06,0.67679971489665,0.607681475984465,0.745917953808836,0.0466856735566643,0.909836065573771,0.956521739130435,#A5002685,4.31657204727456e-05,t0_t2,Prevotella sp002251295__12392
0.779530449646469,5.16125615161193e-05,0.651817533856023,0.58113531546583,0.722499752246216,0.0483962936564505,0.795081967213115,0.843478260869565,#A5002685,0.000738813521028494,t0_t2,Prevotella sp002251365__12289
0.955783021022929,1.96119645890363e-08,0.71111903064861,0.64401519239793,0.778222868899291,0.0461867426942266,0.901639344262295,0.947826086956522,#A5002685,4.62697090489487e-07,t0_t2,Prevotella sp002251435__12397
0.807090859642049,0.000640796395325474,0.623164647184604,0.551858942778256,0.694470351590953,0.0498218104062722,0.532786885245902,0.582608695652174,#A5002685,0.00703771213486771,t0_t2,Prevotella sp002299275__12333
0.463074663992329,0.00506772260194649,0.603207412687099,0.530900690201962,0.675514135172236,0.0302209550962224,0.639344262295082,0.669565217391304,#A5002685,0.045148801362796,t0_t2,Prevotella sp900313215__12270
-1.08900276542317,4.47897333638724e-12,0.240413399857448,0.175438839725543,0.305387959989354,-0.00178189593727729,0.827868852459016,0.826086956521739,#31369585,2.19469693482975e-10,t0_t2,RC9 sp000431015__12942
0.924724530780414,2.8765250328434e-13,0.77448325017819,0.713438010743818,0.835528489612561,0.0389878831076265,0.926229508196721,0.965217391304348,#A5002685,1.59334473558369e-11,t0_t2,RC9 sp000432655__12914
0.525997014055285,0.00162617772538621,0.618460441910193,0.546922530534361,0.689998353286024,0.0196008553100498,0.89344262295082,0.91304347826087,#A5002685,0.0171219043152234,t0_t2,RC9 sp000433355__12937
0.368046568395486,0.000131276418785772,0.643799002138275,0.573242133837981,0.71435587043857,0.0302922309337135,0.926229508196721,0.956521739130435,#A5002685,0.00172418719106261,t0_t2,RC9 sp000434935__12951
1.01850025485385,5.6712571427751e-11,0.745081967213115,0.676957989498598,0.813205944927631,0.037704918032787,0.762295081967213,0.8,#A5002685,2.06433759997014e-09,t0_t2,RC9 sp000435075__12952
0.725935930267825,0.000197028042054714,0.633962936564505,0.562492078711661,0.705433794417348,0.0247327156094084,0.549180327868853,0.573913043478261,#A5002685,0.00248528441166046,t0_t2,RUG001 sp900314575__9468
0.699213872679356,0.00282529179099513,0.608267997148967,0.536887108871844,0.679648885426089,0.116393442622951,0.483606557377049,0.6,#A5002685,0.0264876441312184,t0_t2,RUG343 sp900317975__5609
0.638604895423059,0.000166304173695825,0.636350677120456,0.565042950103553,0.707658404137359,0.0344262295081967,0.565573770491803,0.6,#A5002685,0.00211871517288481,t0_t2,RUG369 sp900317365__11779
0.768313730467045,3.4876115027215e-06,0.673663578047042,0.603300724893599,0.744026431200485,0.0213114754098361,0.778688524590164,0.8,#A5002685,5.77041175904831e-05,t0_t2,RUG563 sp900320085__1780
1.18650150417949,4.13887552093557e-15,0.794689950106914,0.732970128364051,0.856409771849777,0.0416963649322879,0.827868852459016,0.869565217391304,#A5002685,3.1017220080423e-13,t0_t2,Ruminococcus_A sp003011855__2218
0.875048122207134,0.000122020735586412,0.642088382038489,0.569487411149981,0.714689352926997,0.0317177476835353,0.663934426229508,0.695652173913044,#A5002685,0.00163636228565356,t0_t2,Ruminococcus_E sp003521625__1269
0.440805142163736,0.00047056284473969,0.629151817533856,0.55752363852151,0.700779996546202,0.039415538132573,0.647540983606557,0.686956521739131,#A5002685,0.00545029699119332,t0_t2,Ruminococcus_E sp900314705__1275
1.04404045872698,7.35463216665132e-10,0.730612972202423,0.663664413087801,0.797561531317045,0.0387027797576622,0.778688524590164,0.817391304347826,#A5002685,2.17902357681716e-08,t0_t2,Senegalimassilia anaerobia__9534
1.81338265444203,1.73958129180104e-16,0.80816108339273,0.743208897517452,0.873113269268007,0.037704918032787,0.762295081967213,0.8,#A5002685,1.8468554714621e-14,t0_t2,Solobacterium sp900315065__5521
0.691544657173469,0.00170033128837171,0.616856735566643,0.544986492394796,0.68872697873849,0.0347113328581611,0.713114754098361,0.747826086956522,#A5002685,0.0176115614746793,t0_t2,Treponema_D porcinum__11976
1.19883824064778,3.45143277944221e-11,0.748360655737705,0.682619735364744,0.814101576110665,0.0397006414825374,0.795081967213115,0.834782608695652,#A5002685,1.46570845366979e-09,t0_t2,UBA11524 sp000437595__1772
1.28511889812342,8.11736304730595e-19,0.832822523164647,0.775417238093628,0.890227808235666,0.0436920883820385,0.860655737704918,0.904347826086956,#A5002685,1.47736007460968e-16,t0_t2,UBA1191 sp900066305__2705
1.29238567898261,4.67065346722024e-16,0.805167498218104,0.746811799517893,0.863523196918315,0.0446899501069138,0.877049180327869,0.921739130434783,#A5002685,4.25029465517042e-14,t0_t2,UBA1417 sp003531055__1350
1.30824681928556,8.2408774795836e-08,0.69800427655025,0.626887559645547,0.769120993454952,0.0312188168210977,0.655737704918033,0.686956521739131,#A5002685,1.74981298483158e-06,t0_t2,UBA1712 sp002317245__2020
0.82724601282214,3.70813819890004e-07,0.690947968638632,0.622997772889358,0.758898164387905,0.0344975053456879,0.852459016393443,0.886956521739131,#A5002685,7.0509971125353e-06,t0_t2,UBA1777 sp003150355__1671
0.836256398281857,0.000239377679455453,0.634925160370634,0.563759482030329,0.70609083871094,0.0625089094796864,0.598360655737705,0.660869565217391,#A5002685,0.0029323765733293,t0_t2,UBA2834 sp002351365__10373
0.699922845766582,1.53689035567731e-07,0.69479686386315,0.624560243970316,0.765033483755985,0.0332145402708482,0.688524590163934,0.721739130434783,#A5002685,3.15806179537563e-06,t0_t2,UBA2862 sp900315585__1787
1.05120760744872,4.77674549111336e-11,0.747184604419102,0.683739443099988,0.810629765738216,0.0523877405559515,0.860655737704918,0.91304347826087,#A5002685,1.78987463402307e-09,t0_t2,UBA2862 sp900317565__1786
0.692011271933413,1.81874171080213e-05,0.658909479686386,0.588149899996786,0.729669059375987,0.0327156094084106,0.680327868852459,0.71304347826087,#A5002685,0.00028963461744524,t0_t2,UBA3789 sp900314225__5607
0.785805207024517,4.09839840736165e-06,0.672309337134711,0.601035453146447,0.743583221122976,0.037704918032787,0.762295081967213,0.8,#A5002685,6.69405073202402e-05,t0_t2,UBA5920 sp002406055__12098
0.761131282219854,2.39375941890206e-07,0.694226657163222,0.625739864569092,0.762713449757351,0.0379900213827512,0.909836065573771,0.947826086956522,#A5002685,4.76507734325192e-06,t0_t2,UBA636 sp002299675__5570
-0.673265568675195,0.00315646433450799,0.392052744119743,0.320262147162715,0.463843341076772,0.0113328581610834,0.614754098360656,0.626086956521739,#31369585,0.0293528143223589,t0_t2,UBA7173 sp001701135__12592
0.478376810335918,4.62730039639858e-05,0.653171774768354,0.583600041250544,0.722743508286163,0.0379900213827512,0.909836065573771,0.947826086956522,#A5002685,0.000677606977587563,t0_t2,UBA738 sp003522945__1697
1.77633147894288,6.51223649467082e-15,0.792124019957235,0.728282230023071,0.855965809891398,0.0478973627940128,0.786885245901639,0.834782608695652,#A5002685,4.36662594432138e-13,t0_t2,UBA7748 sp900314535__9466
-1.07998980766397,0.000634199983004692,0.378474697077691,0.30728832182147,0.449661072333912,0.00584461867426944,0.524590163934426,0.530434782608696,#31369585,0.00702583285519981,t0_t2,Bacteroides_B vulgatus__12572
-0.538254506022161,0.00174848301035847,0.38431931575196,0.312434148448399,0.456204483055521,0.0143264433357092,0.663934426229508,0.678260869565217,#31369585,0.0178205388415736,t0_t2,Prevotella sp900290275__12309
0.638010970633303,0.00470186096492964,0.599893086243763,0.529490621073767,0.67029555141376,0.029935851746258,0.491803278688525,0.521739130434783,#A5002685,0.0421843018966222,t0_t2,Mitsuokella multacida__3541
-0.772859982260216,4.04625489691123e-09,0.279508196721312,0.210218715624413,0.34879767781821,0.00591589451176056,0.811475409836066,0.817391304347826,#31369585,1.07394348722186e-07,t0_t2,ER4 sp003522105__1635
0.63894630901394,0.00105633910531614,0.615324305060585,0.544577170474047,0.686071439647122,0.021240199572345,0.491803278688525,0.51304347826087,#A5002685,0.0112148001681064,t0_t2,Senegalimassilia sp002431805__9533
0.671139069245189,0.000430651764611497,0.627334283677833,0.555918264112643,0.698750303243024,0.0257305773342837,0.565573770491803,0.591304347826087,#A5002685,0.00508009581588007,t0_t2,UBA1777 sp900319835__1674
1.05792997257074,0.00166334625534351,0.609907341411262,0.539188718243872,0.680625964578651,0.0284390591589451,0.467213114754098,0.495652173913044,#A5002685,0.0173696977812101,t0_t2,Bifidobacterium pseudolongum__8861
-0.761791564682842,0.0024511518048283,0.394119743406985,0.324513875967685,0.463725610846285,0.00334996436208129,0.483606557377049,0.486956521739131,#31369585,0.0238379190790172,t0_t2,Cloacibacillus porcorum__11272
0.746559395627263,0.000795538249355631,0.617462580185317,0.547203373219638,0.687721787150996,0.0371347113328581,0.467213114754098,0.504347826086957,#A5002685,0.00855273218373434,t0_t2,Faecalibacterium sp002160895__1569
0.784202324489251,0.00103205041115124,0.625424430641822,0.551184017094511,0.699664844189133,0.0579710144927535,0.608695652173913,0.666666666666667,#A5002685,0.0181668576441183,t2_t4,Agathobacter faecis__2141
0.598031877712739,0.00207547608144423,0.618343685300207,0.544233459792331,0.692453910808083,0.0708074534161491,0.643478260869565,0.714285714285714,#A5002685,0.0337077320215279,t2_t4,Agathobacter rectale__2145
1.03023407546685,2.3284814614289e-07,0.700869565217391,0.629442129951788,0.772297000482995,0.0616977225672878,0.747826086956522,0.80952380952381,#A5002685,1.12099750357363e-05,t2_t4,Agathobacter sp000434275__2143
1.03104122905586,1.46288600566904e-09,0.735983436853002,0.668876534752766,0.803090338953238,0.0881987577639751,0.826086956521739,0.914285714285714,#A5002685,1.15998255037757e-07,t2_t4,Agathobacter sp900317585__2146
0.887081200135651,1.26950838729535e-06,0.687494824016563,0.615543989036529,0.759445658996597,0.0853002070393375,0.695652173913044,0.780952380952381,#A5002685,4.88942087449753e-05,t2_t4,Agathobaculum butyriciproducens__1714
-0.37291527246358,0.000810010455335418,0.370931677018634,0.297007439468295,0.444855914568972,-0.00910973084886135,0.704347826086957,0.695238095238095,#31369585,0.015329784419081,t2_t4,An172 sp002160515__1285
-0.415556893252291,0.000975201662109087,0.371180124223602,0.297748801753956,0.44461144669325,0.0236024844720497,0.947826086956522,0.971428571428571,#31369585,0.0175276245403073,t2_t4,Angelakisella sp003453215__1545
0.601247624362886,4.69185075993602e-05,0.658964803312629,0.587106853351513,0.730822753273746,0.0472049689440993,0.895652173913044,0.942857142857143,#A5002685,0.00129073771926403,t2_t4,Blautia_A massiliensis__2178
0.594845218039033,0.00103772109688213,0.627080745341615,0.553207870609824,0.700953620073406,0.0861283643892339,0.704347826086957,0.79047619047619,#A5002685,0.0181668576441183,t2_t4,Blautia_A obeum__2183
0.977492217152513,6.60273643205273e-10,0.740538302277433,0.672544440532885,0.808532164021981,0.0840579710144928,0.782608695652174,0.866666666666667,#A5002685,5.93365914027139e-08,t2_t4,Blautia_A sp000285855__2187
0.837307688894149,4.00631764604231e-05,0.658053830227743,0.58497203027308,0.731135630182406,0.081159420289855,0.652173913043478,0.733333333333333,#A5002685,0.00120011470819223,t2_t4,Blautia_A sp900066205__2177
0.438947790658128,7.36386989060941e-07,0.693416149068323,0.623542231549956,0.76329006658669,0.0173913043478261,0.982608695652174,1,#A5002685,3.20209568146499e-05,t2_t4,Blautia_A wexlerae__2186
0.742542407781742,0.000254958943894305,0.640745341614907,0.567415899562037,0.714074783667777,0.081159420289855,0.652173913043478,0.733333333333333,#A5002685,0.00545531200586545,t2_t4,Butyricicoccus_A porcorum__1718
-0.856522686656955,6.60170040315221e-05,0.345879917184265,0.272628119469418,0.419131714899112,0.0107660455486542,0.71304347826087,0.723809523809524,#31369585,0.00167772984075485,t2_t4,CAG-1000 sp000436975__5654
-1.02964823867702,2.07879277825706e-08,0.281614906832298,0.210851198809598,0.352378614854999,0.020703933747412,0.817391304347826,0.838095238095238,#31369585,1.33438698337644e-06,t2_t4,CAG-1024 sp000432015__1810
-0.47179278789519,0.00157342448206098,0.379089026915114,0.30459279696016,0.453585256870068,0.0231884057971015,0.643478260869565,0.666666666666667,#31369585,0.0265122025227274,t2_t4,CAG-103 sp000432375__1692
-0.538769009437658,0.000497679308521324,0.364596273291926,0.29073414981968,0.438458396764171,0.0173913043478261,0.782608695652174,0.8,#31369585,0.0103211031982576,t2_t4,CAG-110 sp002362145__1650
-0.442455038043626,8.38339769493065e-09,0.274989648033126,0.207553897025729,0.342425399040524,-0.00248447204968949,0.973913043478261,0.971428571428571,#31369585,5.94780004882448e-07,t2_t4,CAG-145 sp002320005__2676
-0.410645598074137,0.000521071420616877,0.364472049689441,0.291190852253195,0.437753247125687,0.0124223602484472,0.930434782608696,0.942857142857143,#31369585,0.0106424890150235,t2_t4,CAG-177 sp003514385__1368
0.781483339393306,1.04086697922291e-06,0.689896480331263,0.617555383201705,0.762237577460821,0.0538302277432712,0.765217391304348,0.819047619047619,#A5002685,4.25178390300754e-05,t2_t4,CAG-245 sp000435175__1942
0.701850779995259,0.00055845124188782,0.633871635610766,0.559862267816525,0.707881003405008,0.0782608695652174,0.721739130434783,0.8,#A5002685,0.0112357055830564,t2_t4,CAG-269 sp000431335__1926
0.775094770112762,4.80983494958871e-05,0.656314699792961,0.58272967855926,0.729899721026662,0.0716356107660455,0.652173913043478,0.723809523809524,#A5002685,0.00129673150240912,t2_t4,CAG-269 sp001916055__1930
0.871003694428835,1.30754218583802e-06,0.687080745341615,0.614574170842223,0.759587319841007,0.0662525879917184,0.695652173913044,0.761904761904762,#A5002685,4.89601907363791e-05,t2_t4,CAG-269 sp001916065__1921
1.08724210106344,2.56652037973746e-08,0.715072463768116,0.643770365484674,0.786374562051558,0.0836438923395445,0.678260869565217,0.761904761904762,#A5002685,1.5725770326755e-06,t2_t4,CAG-269 sp003525075__1928
0.772237077207027,2.16626364686536e-05,0.665093167701863,0.59238169169814,0.737804643705587,0.0807453416149069,0.747826086956522,0.828571428571429,#A5002685,0.000679098464180118,t2_t4,CAG-279 sp000437795__12634
-0.429457288193371,0.00325926997687429,0.385093167701863,0.311034455947564,0.459151879456163,0.00124223602484475,0.91304347826087,0.914285714285714,#31369585,0.0495806235693247,t2_t4,CAG-302 sp001916775__5624
-0.469945061160745,6.84533688735288e-05,0.3448033126294,0.271762729593121,0.417843895665678,0.039751552795031,0.817391304347826,0.857142857142857,#31369585,0.00167772984075485,t2_t4,CAG-349 sp003539515__1866
-0.40352213563163,3.84402725103812e-05,0.339213250517598,0.266876235072643,0.411550265962554,0.00289855072463774,0.930434782608696,0.933333333333333,#31369585,0.00117767016690895,t2_t4,CAG-45 sp002299665__2159
0.627669169653521,0.00327349814367203,0.610890269151139,0.537493884394622,0.684286653907655,0.0720496894409938,0.556521739130435,0.628571428571429,#A5002685,0.0495806235693247,t2_t4,CAG-605 sp000433255__5644
0.766431892520976,4.46874783473131e-05,0.654616977225673,0.581278861209982,0.727955093241364,0.0737060041407868,0.573913043478261,0.647619047619048,#A5002685,0.00125497335025371,t2_t4,CAG-605 sp000433475__5645
0.896854311057506,1.21033603263018e-06,0.687950310559006,0.616220958285998,0.759679662832014,0.0766045548654244,0.704347826086957,0.780952380952381,#A5002685,4.79862638819261e-05,t2_t4,CAG-791 sp000431495__2088
-0.399176847318311,2.77996378919579e-06,0.316935817805383,0.245995585839847,0.387876049770919,0,1,1,#31369585,9.60869535342545e-05,t2_t4,CAG-83 sp003487665__1630
0.903786748503574,6.20011496350715e-07,0.693706004140787,0.621785094783033,0.765626913498541,0.0712215320910973,0.747826086956522,0.819047619047619,#A5002685,2.78591832360255e-05,t2_t4,Coprococcus_A catus__2377
0.826125627707843,0.000624186419404779,0.628985507246377,0.55538110978819,0.702589904704564,0.0538302277432713,0.565217391304348,0.619047619047619,#A5002685,0.0123735778434947,t2_t4,Dialister succinatiphilus__3670
0.830468353078203,0.000131882682499515,0.647660455486542,0.573266349801112,0.722054561171973,0.0472049689440994,0.695652173913044,0.742857142857143,#A5002685,0.00311890975454995,t2_t4,F23-B02 sp000431075__1687
0.63244340973779,5.42875802561528e-05,0.657639751552795,0.58466921744456,0.73061028566103,0.0749482401656315,0.886956521739131,0.961904761904762,#A5002685,0.00143489525853518,t2_t4,Faecalibacterium prausnitzii_D__1561
1.04925191767442,4.11574895659338e-13,0.783105590062112,0.721917027001615,0.844294153122609,0.0819875776397515,0.860869565217391,0.942857142857143,#A5002685,6.93503699185985e-11,t2_t4,Faecalibacterium prausnitzii_E__1566
0.950103717224381,1.57532419936945e-08,0.719668737060041,0.649518494517952,0.789818979602131,0.08944099378882,0.739130434782609,0.828571428571429,#A5002685,1.06176851037501e-06,t2_t4,Faecalibacterium sp003449675__1560
0.854624342826933,7.18546110026121e-08,0.709979296066253,0.639352136144168,0.780606455988337,0.0857142857142856,0.8,0.885714285714286,#A5002685,4.21130502745744e-06,t2_t4,Fusicatenibacter saccharivorans__2215
0.56202635333246,0.000195435576156566,0.644927536231884,0.571490538705213,0.718364533758555,0.0728778467908903,0.765217391304348,0.838095238095238,#A5002685,0.00431880584686969,t2_t4,GCA-900066135 sp900066135__2232
0.843921021676446,3.80075836220873e-13,0.78360248447205,0.721300993124824,0.845903975819275,0.0749482401656315,0.886956521739131,0.961904761904762,#A5002685,6.93503699185985e-11,t2_t4,Gemmiger formicilis__1571
0.474570311828848,0.000818801541671982,0.630724637681159,0.55738141746277,0.704067857899549,0.0236024844720497,0.947826086956522,0.971428571428571,#A5002685,0.015329784419081,t2_t4,Gemmiger sp003476825__1573
0.339984150090696,6.82185540708528e-05,0.655569358178054,0.582812749718881,0.728325966637226,0.00869565217391299,0.991304347826087,1,#A5002685,0.00167772984075485,t2_t4,Holdemanella sp002299315__5549
0.666127438674707,0.000853906511287951,0.625258799171843,0.552225571363812,0.698292026979873,0.0799171842650104,0.539130434782609,0.619047619047619,#A5002685,0.0155549456380562,t2_t4,Lachnospira sp900316325__2446
0.689797906743596,1.46720593788051e-15,0.81167701863354,0.754532682402166,0.868821354864915,0,1,1,#A5002685,6.59264534754311e-13,t2_t4,Lactobacillus amylovorus__4345
1.38373107403537,3.16137467578256e-11,0.758343685300207,0.690543074792738,0.826144295807676,0.0641821946169773,0.773913043478261,0.838095238095238,#A5002685,3.87412096632262e-09,t2_t4,Lactobacillus delbrueckii_A__4367
0.671444007957453,8.7598155259894e-06,0.673623188405797,0.601923112002674,0.745323264808921,0.0567287784679088,0.895652173913044,0.952380952380952,#A5002685,0.000288005642171554,t2_t4,Lactobacillus_H mucosae__4233
1.04730694170485,4.2641076328626e-05,0.657391304347826,0.583263396468968,0.731519212226684,0.053416149068323,0.660869565217391,0.714285714285714,#A5002685,0.00124956893241278,t2_t4,Lactobacillus_H sp002299975__4219
0.975690225482178,8.04069722272508e-11,0.753788819875776,0.688024276968857,0.819553362782696,0.0645962732919254,0.878260869565217,0.942857142857143,#A5002685,9.03238321352784e-09,t2_t4,Megasphaera elsdenii__3655
-0.592529009240931,0.00232321054993087,0.382360248447205,0.308009209115325,0.456711287779085,0.0289855072463767,0.704347826086957,0.733333333333333,#31369585,0.0368433861330213,t2_t4,Methanobrevibacter_A gottschalkii__748
-1.6440636259585,2.41146625567307e-26,0.0852173913043478,0.0466984334764005,0.123736349132295,0,1,1,#31369585,3.2506565126473e-23,t2_t4,Methanobrevibacter_A smithii__758
0.73684240484023,5.68033189904263e-05,0.655403726708074,0.58185874972843,0.728948703687719,0.074120082815735,0.678260869565217,0.752380952380952,#A5002685,0.0014725168076749,t2_t4,Mitsuokella jalaludinii__3542
-0.250419586868761,0.00114216939703959,0.372919254658385,0.298492910628108,0.447345598688662,0,1,1,#31369585,0.0197390300924277,t2_t4,Mogibacterium sp002299625__2688
1.02021386030651,3.4836335844691e-12,0.771345755693582,0.706687051980414,0.83600445940675,0.0691511387163561,0.826086956521739,0.895238095238095,#A5002685,4.69593807186435e-10,t2_t4,Olsenella_E sp002440065__9452
1.10328852916241,1.29775383635543e-07,0.703892339544514,0.632555918120915,0.775228760968112,0.0836438923395445,0.678260869565217,0.761904761904762,#A5002685,6.72835450541201e-06,t2_t4,Oribacterium sp002431355__2535
0.160603855376008,0.00254819161662992,0.617888198757764,0.543734407951593,0.692041989563935,0.00869565217391299,0.991304347826087,1,#A5002685,0.0399414220839201,t2_t4,Phascolarctobacterium_A succinatutens__3625
-1.20095898695257,1.15935736792546e-21,0.126542443064182,0.080569546607787,0.172515339520577,-0.00952380952380949,1,0.990476190476191,#31369585,7.81406865981758e-19,t2_t4,Phil1 sp001940855__1796
0.965903040501008,3.43329016341404e-15,0.807453416149068,0.748750587795285,0.866156244502852,0.0741200828157349,0.878260869565217,0.952380952380952,#A5002685,1.15701878507053e-12,t2_t4,Prevotella copri__12261
0.826717634831632,5.34913338412212e-13,0.781780538302277,0.719333488165768,0.844227588438787,0.0472049689440993,0.895652173913044,0.942857142857143,#A5002685,8.01181311310735e-11,t2_t4,Prevotella copri_A__12262
1.35847650267414,9.93786753035127e-15,0.801656314699793,0.7394565377735,0.863856091626086,0.0944099378881987,0.791304347826087,0.885714285714286,#A5002685,2.6792490861827e-12,t2_t4,Prevotella sp000434515__12267
0.883064076199546,2.35470528622117e-10,0.747370600414079,0.681983911223938,0.81275728960422,0.063768115942029,0.869565217391304,0.933333333333333,#A5002685,2.26724480416153e-08,t2_t4,Prevotella sp000434975__12307
0.887815131607625,4.39604870585027e-05,0.654409937888199,0.581303641304642,0.727516234471755,0.0728778467908903,0.565217391304348,0.638095238095238,#A5002685,0.00125497335025371,t2_t4,Prevotella sp000436035__12268
0.7911261484667,1.380670299675e-07,0.705755693581781,0.63691709759638,0.774594289567181,0.0592132505175983,0.921739130434783,0.980952380952381,#A5002685,6.89312431097001e-06,t2_t4,Prevotella sp000436915__12288
0.651874994139218,8.13385177277579e-08,0.709482401656315,0.641194983028369,0.777769820284261,0.0567287784679088,0.895652173913044,0.952380952380952,#A5002685,4.56851341237574e-06,t2_t4,Prevotella sp000834015__12318
0.313184283609438,0.000670331510241355,0.63287784679089,0.559097635381728,0.706658058200053,0.0244306418219461,0.956521739130435,0.980952380952381,#A5002685,0.0129086696543621,t2_t4,Prevotella sp002251295__12392
0.633637328082601,0.00186023279493772,0.620662525879917,0.546536810545997,0.694788241213837,0.0869565217391305,0.71304347826087,0.8,#A5002685,0.0309579482416797,t2_t4,Prevotella sp002300055__12250
0.981921130190856,1.24825041669198e-07,0.703933747412008,0.63243844666584,0.775429048158177,0.082815734989648,0.669565217391304,0.752380952380952,#A5002685,6.72835450541201e-06,t2_t4,Prevotella sp900313215__12270
-0.585069889395864,8.47351160670276e-07,0.308074534161491,0.235944995494074,0.380204072828907,0.0215320910973085,0.826086956521739,0.847619047619048,#31369585,3.56946676432354e-05,t2_t4,RC9 sp000431015__12942
-0.192773362808575,0.00218238129408199,0.380289855072464,0.306020376373815,0.454559333771112,0.0347826086956522,0.965217391304348,1,#31369585,0.0350220236240776,t2_t4,RC9 sp000432655__12914
-0.420883009664388,0.000847746835377827,0.369689440993789,0.296362802694689,0.443016079292889,-0.00828157349896475,0.91304347826087,0.904761904761905,#31369585,0.0155549456380562,t2_t4,RC9 sp000433355__12937
-0.752058737488989,0.00291524775659433,0.387494824016563,0.314247293102549,0.460742354930577,-0.00952380952380949,0.6,0.590476190476191,#31369585,0.0451695859297605,t2_t4,RUG369 sp900317365__11779
-0.547578853912823,1.20778417353397e-05,0.329648033126294,0.256992473547456,0.402303592705132,0.019047619047619,0.8,0.819047619047619,#31369585,0.000387641206172332,t2_t4,RUG563 sp900320085__1780
0.917988091536756,1.30504859785969e-09,0.736853002070393,0.670099654067367,0.80360635007342,0.063768115942029,0.869565217391304,0.933333333333333,#A5002685,1.09950344369679e-07,t2_t4,Ruminococcus_A sp003011855__2218
1.11694142462833,1.45469602640425e-10,0.747826086956522,0.678471957187832,0.817180216725211,0.084472049689441,0.686956521739131,0.771428571428571,#A5002685,1.50840787968686e-08,t2_t4,Ruminococcus_E sp900314705__1275
-1.02038806793442,0.000140846058579847,0.357018633540373,0.283144130608082,0.430893136472664,-0.00248447204968949,0.573913043478261,0.571428571428571,#31369585,0.00327345667182127,t2_t4,UBA11517 sp003522085__1830
-0.262291785549879,0.000397881631905848,0.361863354037267,0.287930479604725,0.435796228469809,0.0414078674948241,0.834782608695652,0.876190476190476,#31369585,0.00838038187201692,t2_t4,UBA11524 sp000437595__1772
-0.383638259166738,3.93963062324159e-06,0.319792960662526,0.24860931110696,0.390976610218092,0.0289855072463768,0.904347826086956,0.933333333333333,#31369585,0.000132765552003242,t2_t4,UBA1191 sp900066305__2705
0.467095480511948,0.000207077821624687,0.644927536231884,0.571331309486289,0.71852376297748,0.0496894409937888,0.921739130434783,0.971428571428571,#A5002685,0.00450227263790448,t2_t4,UBA1417 sp003531055__1350
-0.463723388393847,0.000662792690507488,0.36712215320911,0.293468974560889,0.440775331857331,0.0161490683229814,0.869565217391304,0.885714285714286,#31369585,0.0129086696543621,t2_t4,UBA1777 sp002320035__1682
-0.320818834106597,0.000152254548685232,0.352132505175983,0.279297604812274,0.424967405539693,0.0178053830227743,0.886956521739131,0.904761904761905,#31369585,0.00342065219379488,t2_t4,UBA1777 sp003150355__1671
-0.397995401975168,0.000145675861538723,0.353209109730849,0.280162789626584,0.426255429835114,0.00207039337474113,0.721739130434783,0.723809523809524,#31369585,0.00332832307379999,t2_t4,UBA2862 sp900315585__1787
-0.853336462729085,2.15249971395682e-09,0.266252587991718,0.199116544087916,0.333388631895521,0.0107660455486543,0.91304347826087,0.923809523809524,#31369585,1.61198311911877e-07,t2_t4,UBA2862 sp900317565__1786
1.08526165171347,1.76971805647997e-06,0.685258799171843,0.612487605982087,0.758029992361599,0.0869565217391305,0.71304347826087,0.8,#A5002685,6.44751335171623e-05,t2_t4,UBA3789 sp900314225__5607
-0.471936377241703,0.00155101138819654,0.378633540372671,0.305092846558751,0.452174234186591,-0.00289855072463774,0.669565217391304,0.666666666666667,#31369585,0.0264653588770752,t2_t4,UBA7102 sp002492415__1792
-0.58391168017557,4.09209218454006e-14,0.2048033126294,0.144480679698711,0.265125945560088,0.0140786749482402,0.947826086956522,0.961904761904762,#31369585,9.19356710793334e-12,t2_t4,UBA738 sp003522945__1697
0.622192394117022,0.000107221267523666,0.64935817805383,0.57565924237811,0.72305711372955,0.0550724637681159,0.678260869565217,0.733333333333333,#A5002685,0.00258096908253396,t2_t4,Prevotella sp900290275__12309
-0.776703640895261,4.18550106289111e-07,0.303022774327122,0.232316827636203,0.373728721018042,0.000828157349896497,0.808695652173913,0.80952380952381,#31369585,1.94553635613007e-05,t2_t4,UBA1191 sp002310095__2704
-0.482263182984476,2.29634384669147e-06,0.315817805383023,0.243443601176694,0.388192009589351,0.039751552795031,0.817391304347826,0.857142857142857,#31369585,8.14597764563186e-05,t2_t4,ER4 sp003522105__1635
0.558059412950031,0.00193060861881202,0.613747412008282,0.541526659415439,0.685968164601124,0.0645962732919254,0.478260869565217,0.542857142857143,#A5002685,0.0317373221726659,t2_t4,UBA1448 sp002329405__1532
0.859797847557057,0.00048745248404665,0.656176673567978,0.573798555407568,0.738554791728387,0.132091097308489,0.780952380952381,0.91304347826087,#A5002685,0.0152180287702369,t4_t6,Agathobaculum butyriciproducens__1714
0.604792730424785,1.9398829515144e-05,0.691718426501035,0.609132376743215,0.774304476258855,0.0140786749482402,0.971428571428571,0.985507246376812,#A5002685,0.00118240484663735,t4_t6,Angelakisella sp003453215__1545
-0.683809423687379,0.000102252776916648,0.325879917184265,0.244143279608484,0.407616554760046,0.0459627329192547,0.838095238095238,0.884057971014493,#31369585,0.00503398286358881,t4_t6,Bifidobacterium boum__8866
-0.659801680718444,0.00116460808072073,0.354451345755694,0.271873451163227,0.437029240348161,-0.00207039337474113,0.857142857142857,0.855072463768116,#31369585,0.032406485724403,t4_t6,Bifidobacterium thermacidophilum__8868
0.474809195238284,3.34137560626945e-06,0.708626639061422,0.632425478508518,0.784827799614326,0.0571428571428572,0.942857142857143,1,#A5002685,0.000237608932001383,t4_t6,Blautia_A massiliensis__2178
1.13515781314977,5.84132212914066e-09,0.760938578329883,0.690030776239054,0.831846380420712,0.195031055900621,0.79047619047619,0.985507246376812,#A5002685,2.49229744176668e-06,t4_t6,Blautia_A obeum__2183
0.770921413413039,1.00305676540921e-08,0.757073844030366,0.684435504051247,0.829712184009485,0.118840579710145,0.866666666666667,0.985507246376812,#A5002685,3.20978164930948e-06,t4_t6,Blautia_A sp000285855__2187
1.11569392041511,4.33152465131324e-05,0.682953761214631,0.604093715376372,0.761813807052889,0.208695652173913,0.733333333333333,0.942028985507246,#A5002685,0.00252015979712771,t4_t6,Blautia_A sp900066205__2177
0.539783441864305,0.000156563607814917,0.669634230503796,0.588182174414371,0.751086286593221,0.109316770186335,0.876190476190476,0.985507246376812,#A5002685,0.00652912776867958,t4_t6,CAG-103 sp900317855__1693
0.873813220965795,6.69671271491415e-05,0.676535541752933,0.595544137747437,0.757526945758429,0.231055900621118,0.60952380952381,0.840579710144928,#A5002685,0.00357158011462088,t4_t6,CAG-170 sp000432135__1660
0.982042844769168,2.17119315467703e-06,0.711387163561077,0.634879021268932,0.787895305853222,0.299378881987578,0.657142857142857,0.956521739130435,#A5002685,0.000163478072822741,t4_t6,CAG-170 sp002298695__1663
0.979575065770171,0.000454764293691959,0.656728778467909,0.575448770633383,0.738008786302434,0.189233954451346,0.723809523809524,0.91304347826087,#A5002685,0.0145524573981427,t4_t6,CAG-269 sp001916055__1930
0.947419364177089,0.000156558987834041,0.669427191166322,0.589838535109888,0.749015847222756,0.190062111801242,0.780952380952381,0.971014492753623,#A5002685,0.00652912776867958,t4_t6,CAG-791 sp000431495__2088
0.916118891840874,1.67748062369613e-06,0.714423740510697,0.63824492708541,0.790602553935984,0.204140786749482,0.752380952380952,0.956521739130435,#A5002685,0.000163478072822741,t4_t6,CAG-83 sp000431575__1625
0.685537783261367,1.64170934540881e-06,0.715113871635611,0.637489338450043,0.792738404821178,0.0380952380952381,0.961904761904762,1,#A5002685,0.000163478072822741,t4_t6,Catenibacterium mitsuokai__5583
-0.292484071669272,0.00052785903292195,0.344444444444444,0.262562271402172,0.426326617486717,0.0422360248447206,0.914285714285714,0.956521739130435,#31369585,0.016087132431907,t4_t6,Chlamydia suis__11722
0.919137906242582,4.96503232517334e-09,0.762111801242236,0.688967611973549,0.835255990510923,0.204554865424431,0.780952380952381,0.985507246376812,#A5002685,2.49229744176668e-06,t4_t6,Clostridium sp000435835__3041
0.270653138476606,4.91098213080063e-06,0.70503795721187,0.624637180758345,0.785438733665395,0,1,1,#A5002685,0.000330845111969727,t4_t6,Collinsella sp002391315__9500
0.780026835966881,0.000271916802548878,0.66328502415459,0.583834214482938,0.742735833826241,0.166459627329193,0.819047619047619,0.985507246376812,#A5002685,0.00994438592178754,t4_t6,Coprococcus_A catus__2377
1.08519964392257,1.17373388159233e-06,0.708833678398896,0.627597573756615,0.790069783041177,0.219461697722567,0.476190476190476,0.695652173913044,#A5002685,0.000150237936843819,t4_t6,Corynebacterium stationis__6990
1.47164109737101,3.93363291010714e-13,0.823050379572119,0.757534310087572,0.888566449056666,0.274948240165632,0.638095238095238,0.91304347826087,#A5002685,5.03505012493714e-10,t4_t6,Corynebacterium xerosis__7061
1.18733907921956,1.0324748779579e-05,0.691097308488613,0.609506422850324,0.772688194126902,0.219875776397516,0.504761904761905,0.72463768115942,#A5002685,0.000660783921893056,t4_t6,Dialister sp000434475__3672
0.344840659003317,0.000158127313147709,0.669565217391304,0.588904914835864,0.750225519946745,0.0476190476190477,0.952380952380952,1,#A5002685,0.00652912776867958,t4_t6,Dorea formicigenerans__2276
0.901460284679701,0.000331194747114375,0.656452726017943,0.571079605798611,0.741825846237276,0.133747412008282,0.561904761904762,0.695652173913044,#A5002685,0.0111560335870105,t4_t6,Eubacterium_A pyruvativorans__2663
1.0832053045557,0.000124049249140857,0.671773636991028,0.591572385745202,0.751974888236854,0.199171842650103,0.742857142857143,0.942028985507246,#A5002685,0.0058808532926036,t4_t6,F23-B02 sp000431075__1687
0.305833042297512,0.00106251752494094,0.646928916494134,0.565219181927621,0.728638651060647,0.0571428571428572,0.942857142857143,1,#A5002685,0.0302227207094312,t4_t6,Faecalibacterium prausnitzii_E__1566
0.774061738227204,2.13558825359367e-06,0.712491373360939,0.632642164258692,0.792340582463185,0.0989648033126294,0.828571428571429,0.927536231884058,#A5002685,0.000163478072822741,t4_t6,Faecalibacterium sp003449675__1560
0.680373370954191,0.00153214032372348,0.641959972394755,0.559811486475913,0.724108458313597,0.209109730848861,0.761904761904762,0.971014492753623,#A5002685,0.0408570752992927,t4_t6,Firm-10 sp001603025__1789
0.239276906955068,0.000181053877239114,0.668046928916494,0.587168568451016,0.748925289381972,0.0380952380952381,0.961904761904762,1,#A5002685,0.00681672475388361,t4_t6,Gemmiger formicilis__1571
0.328749746671531,0.000176677343769806,0.66832298136646,0.587798805171166,0.748847157561754,0.0285714285714286,0.971428571428571,1,#A5002685,0.00681672475388361,t4_t6,Gemmiger sp003476825__1573
0.557693116215302,1.13239795807355e-07,0.738026224982747,0.662567916672879,0.813484533292615,0.0761904761904761,0.923809523809524,1,#A5002685,2.07067055190591e-05,t4_t6,Holdemanella biformis__5548
-0.757624191239885,0.000705677173017016,0.34824016563147,0.264671120310161,0.43180921095278,0.0169772256728779,0.838095238095238,0.855072463768116,#31369585,0.0210062042200414,t4_t6,Lactobacillus delbrueckii_A__4367
0.931579214965133,5.41103436762866e-08,0.743961352657005,0.669989133527317,0.817933571786693,0.123809523809524,0.876190476190476,1,#A5002685,1.38522479811294e-05,t4_t6,Lactobacillus johnsonii__4373
0.715598063886165,4.82599793258761e-07,0.725879917184265,0.64792471851619,0.80383511585234,0.0190476190476191,0.980952380952381,1,#A5002685,7.72159669214017e-05,t4_t6,Lactobacillus_H reuteri__4220
0.227624535892653,0.000146763656250965,0.670393374741201,0.589935258255739,0.750851491226662,0.0666666666666667,0.933333333333333,1,#A5002685,0.00652912776867958,t4_t6,Marvinbryantia sp900066075__2239
-0.469552153526433,0.000181069251275033,0.331953071083506,0.24541631207548,0.418489830091532,0,1,1,#31369585,0.00681672475388361,t4_t6,Methanobrevibacter_A smithii__758
0.398871490625696,0.00031529134088017,0.661628709454797,0.577505435491885,0.745751983417708,0.0322981366459627,0.895238095238095,0.927536231884058,#A5002685,0.0109073761169356,t4_t6,Olsenella_E sp002440065__9452
0.844596103087974,0.00100552844045439,0.643547273982057,0.561302820166784,0.725791727797329,0.220289855072464,0.533333333333333,0.753623188405797,#A5002685,0.0292517364495822,t4_t6,Oscillibacter sp001916835__1643
0.175249799810415,0.000384874128499905,0.659351276742581,0.575548042448705,0.743154511036458,0,1,1,#A5002685,0.0126317662687148,t4_t6,Phascolarctobacterium_A succinatutens__3625
-0.508465531777427,1.47441539208833e-06,0.28391994478951,0.207118689821829,0.360721199757191,0.00952380952380949,0.990476190476191,1,#31369585,0.000163478072822741,t4_t6,Prevotella sp002251435__12397
0.390607191303564,8.37343839190404e-05,0.676535541752933,0.597163605241686,0.75590747826418,0.0521739130434783,0.933333333333333,0.985507246376812,#A5002685,0.00428720045665487,t4_t6,Ruminococcus_A sp003011855__2218
0.836205519274219,0.00127513757393748,0.641131815044859,0.557922509839793,0.724341120249924,0.191718426501035,0.561904761904762,0.753623188405797,#A5002685,0.0347271509497867,t4_t6,Ruminococcus_E bromii_B__1265
0.965793000275197,1.03258565356546e-06,0.718840579710145,0.642668196768808,0.795012962651482,0.185093167701863,0.771428571428571,0.956521739130435,#A5002685,0.000146856626284866,t4_t6,Ruminococcus_E sp900314705__1275
0.510128706620518,0.00178204629185694,0.640165631469979,0.557464620290277,0.722866642649681,0.0753623188405797,0.866666666666667,0.942028985507246,#A5002685,0.0465514133383037,t4_t6,Senegalimassilia anaerobia__9534
-0.429299965887974,0.000291202767416856,0.337474120082816,0.255698818040432,0.4192494221252,0.0273291925465838,0.885714285714286,0.91304347826087,#31369585,0.0103538761748216,t4_t6,UBA7748 sp900314535__9466
0.955211988666321,5.83846036517067e-05,0.676466528640442,0.592529339741501,0.760403717539383,0.148654244306418,0.590476190476191,0.739130434782609,#A5002685,0.00324923011626889,t4_t6,CAG-536 sp900314505__5552
1.38711227499859,1.0545948800173e-07,0.73416149068323,0.654762556984851,0.813560424381609,0.216149068322981,0.580952380952381,0.797101449275362,#A5002685,2.07067055190591e-05,t4_t6,Clostridium_P ventriculi__3047
0.839269116861147,1.91667409922552e-06,0.704623878536922,0.62445972728931,0.784788029784534,0.243478260869565,0.466666666666667,0.710144927536232,#A5002685,0.000163478072822741,t4_t6,Terrisporobacter othiniensis__2754
1.26839836447991,1.93089888289807e-06,0.708764665286405,0.629210489116707,0.788318841456102,0.25424430641822,0.542857142857143,0.797101449275362,#A5002685,0.000163478072822741,t4_t6,UBA1448 sp002329405__1532
-0.851919475138674,7.79904865407052e-05,0.305187985717286,0.21520048186021,0.395175489574363,0,0.884057971014493,0.884057971014493,#31369585,0.0228317149347914,t6_t8,Bifidobacterium boum__8866
0.729962690129854,4.46867865554874e-06,0.726423020373871,0.639907026363405,0.812939014384337,0,0.985507246376812,0.985507246376812,#A5002685,0.00261641135282379,t6_t8,Clostridium sp000435835__3041
0.301774837257483,1.04658012363176e-05,0.717496324301617,0.631720837344358,0.803271811258877,0,1,1,#A5002685,0.00408515108257595,t6_t8,Prevotella copri__12261
-0.947348514952304,1.7962667327052e-06,0.264440243646293,0.178301519030991,0.350578968261595,0,0.91304347826087,0.91304347826087,#31369585,0.00210342834399779,t6_t8,UBA7748 sp900314535__9466
-0.355179367828282,0.000327476333871771,0.32272631800042,0.231152306087736,0.414300329913104,0,0.927536231884058,0.927536231884058,#31369585,0.0146578407041005,t8_t10,Butyricicoccus_A sp002395695__1719
-0.477439515779401,6.93420985631919e-05,0.303717706364209,0.214721538529773,0.392713874198646,0,0.91304347826087,0.91304347826087,#31369585,0.0043107671273451,t8_t10,CAG-279 sp000437795__12634
1.40803666082434,3.74060323506043e-17,0.915458937198068,0.866031727516434,0.964886146879702,0,0.985507246376812,0.985507246376812,#A5002685,4.18573502003262e-14,t8_t10,Clostridium sp000435835__3041
0.207818223973269,0.000276292125515479,0.679479101029196,0.587948698967239,0.771009503091152,0,1,1,#A5002685,0.0128821203521592,t8_t10,Collinsella sp002391315__9500
1.20386951090856,3.10076039492666e-12,0.843940348666247,0.77304157670679,0.914839120625703,0,0.91304347826087,0.91304347826087,#A5002685,8.67437720480733e-10,t8_t10,Corynebacterium xerosis__7061
0.545051978220727,0.000356203642159216,0.676223482461668,0.586426364779851,0.766020600143485,0,0.985507246376812,0.985507246376812,#A5002685,0.0153304567529294,t8_t10,Escherichia flexneri__16728
-0.242523808428515,0.000201221715926222,0.316530140726738,0.226700473282952,0.406359808170524,0,1,1,#31369585,0.0107222428629258,t8_t10,Faecalibacterium prausnitzii_E__1566
0.262281742871087,3.67880483432242e-06,0.728418399495904,0.643559893883123,0.813276905108685,0,1,1,#A5002685,0.000336780026185717,t8_t10,Gemmiger sp003476825__1573
0.342604782353672,3.91254722110305e-06,0.727788279773157,0.64230500735557,0.813271552190744,0,1,1,#A5002685,0.000336780026185717,t8_t10,Holdemanella biformis__5548
-0.292788217908322,0.000377026927984409,0.324511657214871,0.233896354480596,0.415126959949146,0,1,1,#31369585,0.0156256715709094,t8_t10,Megasphaera elsdenii__3655
0.299762703294542,4.68288545404322e-05,0.700903171602605,0.614052428026009,0.7877539151792,0,1,1,#A5002685,0.00308244048416139,t8_t10,Mogibacterium sp002299625__2688
-0.454031740911544,2.93133155825862e-05,0.293845830707835,0.206350362604765,0.381341298810904,0,0.91304347826087,0.91304347826087,#31369585,0.00205010000855712,t8_t10,Oribacterium sp002431355__2535
-0.529403940328676,4.35495572266931e-14,0.127494223902542,0.0678797711931218,0.187108676611961,0,1,1,#31369585,2.43659772683348e-11,t8_t10,Prevotella copri__12261
-0.69790976473869,1.61317083505419e-13,0.13600084015963,0.0756213539019383,0.196380326417322,0,0.985507246376812,0.985507246376812,#31369585,6.01712721475212e-11,t8_t10,Prevotella copri_A__12262
-0.650707752253268,1.68552344335599e-09,0.202688510817055,0.126885920886581,0.27849110074753,0,0.971014492753623,0.971014492753623,#31369585,3.77220146623071e-07,t8_t10,Prevotella sp000434515__12267
-0.555068062621687,1.61746769755942e-08,0.221277042638101,0.144321019823981,0.298233065452221,0,0.985507246376812,0.985507246376812,#31369585,2.26243294196123e-06,t8_t10,Prevotella sp000434975__12307
-0.560695735423484,0.000252751257749463,0.319995799201848,0.227427176919219,0.412564421484477,0,0.811594202898551,0.811594202898551,#31369585,0.0122968981487674,t8_t10,Prevotella sp000436035__12268
-0.368787909697176,0.000191287916699346,0.315900021003991,0.226874313883744,0.404925728124238,-0.0144927536231884,1,0.985507246376812,#31369585,0.0107025589393284,t8_t10,Prevotella sp000436915__12288
-0.536218245877426,3.23889066291233e-09,0.207939508506616,0.133573697006451,0.282305320006781,0,1,1,#31369585,6.0405310863315e-07,t8_t10,Prevotella sp000834015__12318
-0.413205388255219,4.9297311865397e-07,0.251837849191346,0.169960182456368,0.333715515926325,0,1,1,#31369585,5.51636919773793e-05,t8_t10,Prevotella sp002251295__12392
-0.426868585196922,5.63180368741892e-06,0.275992438563327,0.189086415895943,0.362898461230711,0,0.942028985507246,0.942028985507246,#31369585,0.000450142023301555,t8_t10,Prevotella sp002251385__12290
-0.489041394904458,1.11005455740837e-05,0.28313379542113,0.197661748330839,0.368605842511421,0,1,1,#31369585,0.000828100699826641,t8_t10,Prevotella sp002251435__12397
-0.721037448687948,1.30333148621485e-08,0.219596723377442,0.137285555464012,0.301907891290872,0,0.898550724637681,0.898550724637681,#31369585,2.0834684758206e-06,t8_t10,Prevotella sp900313215__12270
-0.182032189080711,0.000222560426656385,0.317790380172233,0.228839114028561,0.406741646315904,0,1,1,#31369585,0.0113202326103861,t8_t10,RC9 sp000432655__12914
-0.36693061768728,1.55268379448977e-07,0.241125813904642,0.159322237937798,0.322929389871486,0,1,1,#31369585,1.93050351781561e-05,t8_t10,RC9 sp000434935__12951
-0.408544415165893,0.000174904339426223,0.315164881327452,0.222876266784382,0.407453495870522,0,0.840579710144928,0.840579710144928,#31369585,0.0103009450430496,t8_t10,Prevotella sp900290275__12309
0.999105862572823,2.66933544010337e-06,0.728838479311069,0.635626741293804,0.822050217328335,0,0.710144927536232,0.710144927536232,#A5002685,0.00027154421431597,t8_t10,Terrisporobacter othiniensis__2754
